{"partition_id":{"19":"partition_20","16":"partition_17","8":"partition_9","11":"partition_12","6":"partition_7","14":"partition_15","0":"partition_1","5":"partition_6","12":"partition_13","13":"partition_14","9":"partition_10","3":"partition_4","15":"partition_16","7":"partition_8","4":"partition_5","10":"partition_11","18":"partition_19","17":"partition_18"},"file_count":{"19":131,"16":395,"8":358,"11":332,"6":321,"14":247,"0":252,"5":415,"12":397,"13":258,"9":274,"3":184,"15":159,"7":55,"4":485,"10":420,"18":204,"17":72},"avg_file_size_mb":{"19":15.27,"16":12.05,"8":16.37,"11":50.63,"6":85.39,"14":59.2,"0":62.0,"5":101.97,"12":102.52,"13":93.66,"9":164.79,"3":50.66,"15":187.63,"7":240.17,"4":235.42,"10":175.78,"18":54.66,"17":187.12},"total_size_mb":{"19":1999.81,"16":4760.93,"8":5859.82,"11":16810.2,"6":27411.27,"14":14623.21,"0":15624.72,"5":42316.44,"12":40699.3,"13":24164.01,"9":45151.59,"3":9320.67,"15":29832.74,"7":13209.53,"4":114176.38,"10":73827.73,"18":11149.82,"17":13472.39},"delete_file_count":{"19":58,"16":83,"8":14,"11":7,"6":23,"14":86,"0":98,"5":49,"12":55,"13":18,"9":85,"3":31,"15":85,"7":69,"4":19,"10":3,"18":66,"17":71},"delete_ratio":{"19":0.44,"16":0.21,"8":0.04,"11":0.02,"6":0.07,"14":0.35,"0":0.39,"5":0.12,"12":0.14,"13":0.07,"9":0.31,"3":0.17,"15":0.53,"7":1.25,"4":0.04,"10":0.01,"18":0.32,"17":0.99},"avg_delete_file_size_mb":{"19":5.39,"16":7.45,"8":7.92,"11":4.08,"6":2.91,"14":8.65,"0":8.93,"5":5.68,"12":6.2,"13":9.79,"9":8.09,"3":7.02,"15":9.34,"7":3.44,"4":3.32,"10":6.06,"18":5.75,"17":3.3},"partition_access_frequency":{"19":711,"16":568,"8":941,"11":469,"6":511,"14":914,"0":847,"5":654,"12":903,"13":884,"9":752,"3":137,"15":426,"7":236,"4":571,"10":768,"18":46,"17":77},"small_file_count":{"19":107,"16":312,"8":287,"11":278,"6":267,"14":129,"0":102,"5":256,"12":175,"13":183,"9":85,"3":145,"15":94,"7":5,"4":123,"10":106,"18":196,"17":14},"penalty":{"19":218835.846,"16":459798.84,"8":571435.424,"11":264782.392,"6":283134.3689999999,"14":439789.3799999999,"0":395161.074,"5":389454.384,"12":408426.9,"13":370277.544,"9":282973.84,"3":48674.182,"15":181548.42,"7":19165.088,"4":151271.604,"10":167004.672,"18":23269.1,"17":7568.33},"cost":{"19":10.7819943,"16":35.4601375,"8":46.4148432,"11":68.5813728,"6":79.7636529,"14":126.48376,"0":139.52232,"5":240.363684,"12":252.342728,"13":236.5683012,"9":365.2834014,"3":65.4365088,"15":278.6418078,"7":45.440164,"4":379.073284,"10":447.395256,"18":64.11618,"17":44.459712},"score":{"19":20296.4145235715,"16":12966.6397101072,"8":12311.4799553717,"11":3860.8499265729,"6":3549.6664853765,"14":3477.0422426006,"0":2832.2426918342,"5":1620.2713151115,"12":1618.5403939259,"13":1565.2035397665,"9":774.6693064639,"3":743.838296828,"15":651.5476653768,"7":421.7653699101,"4":399.0563566093,"10":373.2821691491,"18":362.9208670429,"17":170.228944123}}